Player,Teams,Maps,Rounds,K-D Diff,K/D,Rating3.0
donk,,185,4040,1091,1.41,1.37
ZywOo,,179,3844,1023,1.46,1.34
vsm,,178,3805,704,1.28,1.30
kyousuke,,249,5438,885,1.23,1.26
m0NESY,,182,3955,827,1.35,1.23
Luken,,119,2497,397,1.25,1.22
tN1R,,274,5995,877,1.23,1.22
latto,,229,4819,684,1.24,1.20
tomaszin,,203,4452,387,1.13,1.20
cairne,,264,5748,613,1.16,1.19
Jeorge,,228,4717,482,1.16,1.19
KSCERATO,,179,3841,444,1.19,1.19
MaSvAl,,155,3436,274,1.12,1.19
asap,,114,2382,268,1.17,1.18
blameF,,255,5501,886,1.26,1.18
dea,,148,3124,516,1.27,1.18
empathy,,107,2167,193,1.12,1.18
JamYoung,,155,3374,378,1.18,1.18
MiQ,,106,2219,210,1.14,1.18
z4kr,,175,3695,586,1.27,1.18
frozen,,185,4083,378,1.15,1.17
HeavyGod,,151,3323,342,1.17,1.17
HexT,,257,5188,465,1.14,1.17
junior,,266,5510,1019,1.32,1.17
kashl1d,,121,2707,369,1.23,1.17
molodoy,,212,4553,912,1.34,1.17
sh1ro,,185,4040,980,1.44,1.17
shadiy,,115,2432,313,1.20,1.17
try,,218,4805,952,1.34,1.17
FaNg,,152,3255,350,1.15,1.16
Lake,,203,4239,291,1.10,1.16
MarKE,,158,3372,214,1.10,1.16
Pose1doNN,,102,2204,364,1.27,1.16
slaxz-,,203,4239,755,1.32,1.16
dumau,,229,4819,512,1.17,1.15
Fawx,,108,2215,271,1.18,1.15
gr1ks,,401,8870,1561,1.30,1.15
hardzao,,112,2509,246,1.14,1.15
NIGHT666LADE,,129,2599,142,01.08,1.15
regali,,99,2070,323,1.25,1.15
reiko,,115,2499,218,1.12,1.15
ropz,,197,4238,645,1.25,1.15
ryu,,355,7759,543,1.10,1.15
sk0R,,105,2232,271,1.17,1.15
soulfly,,286,6297,452,1.10,1.15
Wolffe,,204,4462,391,1.13,1.15
Zesta,,101,2148,137,01.09,1.15
ChildKing,,184,3785,331,1.13,1.14
cobrazera,,170,3639,204,01.08,1.14
doc,,243,5156,483,1.14,1.14
jambo,,291,6376,812,1.20,1.14
Jame,,325,7054,1402,1.37,1.14
koala,,243,5156,523,1.17,1.14
makazze,,342,7423,412,01.08,1.14
nardes,,112,2421,258,1.17,1.14
NiKo,,201,4398,346,1.12,1.14
nilo,,111,2405,248,1.16,1.14
piriajr,,181,3789,357,1.15,1.14
r3salt,,237,5076,359,1.11,1.14
sugaR,,226,4999,290,01.09,1.14
XANTARES,,176,3973,357,1.14,1.14
b1t,,164,3555,262,1.11,1.13
cass1n,,164,3579,469,1.22,1.13
Fruitcupx,,245,5174,416,1.12,1.13
hypex,,215,4712,564,1.21,1.13
Jee,,148,3218,525,1.28,1.13
lash,,105,2230,214,1.16,1.13
lauNX,,232,5235,245,01.07,1.13
luchov,,206,4512,119,01.04,1.13
maxxkor,,165,3563,353,1.15,1.13
mizu,,170,3602,172,01.07,1.13
nin9,,170,3639,407,1.18,1.13
npl,,227,4996,322,1.10,1.13
oSee,,182,3705,530,1.24,1.13
Peeping,,214,4424,396,1.13,1.13
phzy,,199,4234,469,1.18,1.13
r1nkle,,224,4886,817,1.28,1.13
Rainwaker,,268,5892,340,01.09,1.13
tex1y,,301,6527,438,1.10,1.13
aNdu,,236,5225,102,01.03,1.12
bnox,,269,5853,299,01.07,1.12
br0,,173,3640,222,01.09,1.12
danistzz,,210,4602,554,1.19,1.12
Dawy,,241,5193,363,1.10,1.12
dem0n,,348,7574,479,1.10,1.12
EliGE,,152,3364,158,01.07,1.12
gbb,,239,5038,228,01.07,1.12
jcobbb,,214,4728,193,01.06,1.12
keen,,115,2432,142,01.08,1.12
kisserek,,193,4264,94,01.03,1.12
Lucky,,396,8627,871,1.16,1.12
MaiL09,,161,3492,263,1.11,1.12
MATYS,,221,4784,182,01.05,1.12
Moseyuh,,152,3300,251,1.12,1.12
nEMANHA,,394,8709,62,01.01,1.12
nqz,,189,4079,530,1.23,1.12
nut nut,,370,8097,307,01.06,1.12
Ph1NNN,,111,2290,131,01.09,1.12
R2B2,,102,2107,78,01.06,1.12
Senzu,,192,4232,373,1.14,1.12
SHiPZ,,191,4221,213,01.07,1.12
spirit,,144,3204,57,01.03,1.12
Terryyy,,100,2056,173,1.12,1.12
Twistzz,,156,3320,141,01.07,1.12
z1Nny,,330,7116,127,01.03,1.12
adamb,,235,5178,276,01.08,1.11
Caleyy,,154,3347,105,01.04,1.11
CLASIA,,189,3976,220,01.09,1.11
d1Ledez,,258,5493,294,01.08,1.11
draken,,256,5632,834,1.24,1.11
faveN,,340,7505,664,1.14,1.11
flameZ,,179,3844,60,01.02,1.11
forsyy,,414,9010,1464,1.28,1.11
jL,,136,2923,166,01.09,1.11
Kvem,,270,5971,394,1.10,1.11
L1haNg,,182,3745,214,01.08,1.11
Magnojez,,228,5098,104,01.03,1.11
Matheos,,138,3050,5,1.00,1.11
rdnzao,,243,5156,232,01.07,1.11
REZ,,166,3639,162,01.07,1.11
saadzin,,229,4819,645,1.24,1.11
sjuush,,250,5454,292,01.08,1.11
tENZY,,138,3057,93,01.04,1.11
tomate,,192,4121,378,1.15,1.11
tripey,,109,2368,54,01.03,1.11
XELLOW,,335,7413,712,1.15,1.11
xiELO,,359,7900,404,01.07,1.11
xKacpersky,,227,4944,116,01.03,1.11
zweih,,251,5518,208,01.06,1.11
afro,,189,4130,440,1.17,1.10
avid,,299,6443,277,01.07,1.10
BELCHONOKK,,320,6936,301,01.06,1.10
consti,,125,2671,367,1.23,1.10
cool4st,,123,2685,227,1.13,1.10
CRUC1AL,,152,3363,408,1.19,1.10
decenty,,205,4518,430,1.15,1.10
detr0ittJ,,115,2577,286,1.18,1.10
Dragon,,283,6245,399,01.09,1.10
ewjerkz,,228,4950,-8,1.00,1.10
executor,,340,7359,222,01.05,1.10
flayy,,172,3847,446,1.19,1.10
hallzerk,,122,2738,276,1.17,1.10
headtr1ck,,227,4996,617,1.21,1.10
insani,,158,3390,57,01.02,1.10
Kaide,,211,4513,243,01.08,1.10
MartinezSa,,159,3414,445,1.22,1.10
mezii,,169,3633,162,01.07,1.10
nicoodoz,,317,6998,785,1.17,1.10
OneUn1que,,241,5198,251,01.07,1.10
oxygeN,,238,5223,29,01.01,1.10
Plopski,,225,4893,182,01.05,1.10
PR,,139,3016,82,01.04,1.10
Re1GN,,118,2551,137,01.08,1.10
shane,,188,3983,93,01.03,1.10
sL1m3,,156,3485,463,1.21,1.10
smooya,,220,4791,713,1.24,1.10
snav,,255,5408,265,01.07,1.10
SunPayus,,147,3244,325,1.17,1.10
w0nderful,,164,3555,368,1.17,1.10
Wicadia,,182,4112,207,01.07,1.10
xerolte,,148,3198,140,01.07,1.10
abizz,,172,3650,51,01.02,01.09
abr,,167,3627,168,01.07,01.09
Alkaren,,240,5248,513,1.16,01.09
amster,,204,4497,95,01.03,01.09
b1elany,,289,6319,150,01.04,01.09
bajmi,,148,3250,94,01.05,01.09
Banjo,,286,6297,132,01.03,01.09
Cjoffo,,395,8751,236,01.04,01.09
coldzera,,214,4667,328,1.12,01.09
DemQQ,,358,7797,400,01.08,01.09
Grim,,127,2843,120,01.06,01.09
HEN1,,135,2854,324,1.20,01.09
JBOEN,,125,2743,240,1.14,01.09
Krimbo,,233,4990,361,1.12,01.09
Kursy,,233,5177,723,1.22,01.09
kye,,217,4605,339,1.12,01.09
lux,,231,4862,301,01.09,01.09
Maka,,214,4814,333,1.11,01.09
NertZ,,172,3795,165,01.06,01.09
pancc,,186,4034,202,01.08,01.09
realz1n,,134,2951,235,1.14,01.09
REDSTAR,,239,5228,445,1.14,01.09
s4ltovsk1yy,,204,4497,597,1.23,01.09
sdy,,261,5638,453,1.12,01.09
Sonic,,172,3605,112,01.05,01.09
Spinx,,185,4093,337,1.13,01.09
Starry,,140,2927,149,01.08,01.09
Swisher,,203,4239,121,01.04,01.09
viz,,108,2335,43,01.03,01.09
yuurih,,179,3841,259,1.11,01.09
zevy,,166,3516,437,1.21,01.09
Anlelele,,367,8038,122,01.02,01.08
ArtFr0st,,140,3063,552,1.32,01.08
bl1x1,,396,8635,6,1.00,01.08
controlez,,174,3742,211,01.08,01.08
cptkurtka023,,206,4515,-122,0.96,01.08
eraa,,347,7432,1074,1.23,01.08
glowiing,,379,8188,159,01.03,01.08
Grizz,,184,4005,110,01.04,01.08
HObbit,,109,2432,95,01.06,01.08
ICY,,148,3247,372,1.20,01.08
iM,,164,3555,110,01.05,01.08
JBa,,172,3605,158,01.07,01.08
JDC,,233,4990,115,01.03,01.08
Jimpphat,,198,4384,200,01.08,01.08
krazy,,151,3319,139,01.06,01.08
m1N1,,120,2646,279,1.17,01.08
malbsMd,,171,3735,40,01.02,01.08
MistR,,124,2784,-55,0.97,01.08
mopoz,,318,7087,-151,0.97,01.08
nacho,,146,3101,76,01.04,01.08
nettik,,105,2284,15,01.01,01.08
nifee,,274,5934,93,01.02,01.08
nitr0,,218,4467,150,01.05,01.08
olimp,,128,2848,-26,0.99,01.08
oz1k,,109,2432,61,01.04,01.08
RUSH,,159,3289,75,01.03,01.08
s0und,,361,7989,21,1.00,01.08
SaVage,,110,2328,84,01.06,01.08
Snakes,,112,2384,25,01.02,01.08
somebody,,146,3005,131,01.06,01.08
spooke,,314,6894,221,01.05,01.08
TeSeS,,210,4650,30,01.01,01.08
venomzera,,226,4883,78,01.02,01.08
Woro2k,,277,6108,675,1.17,01.08
Xant3r,,246,5424,-83,0.98,01.08
xeedo,,123,2750,13,01.01,01.08
xertioN,,198,4384,62,01.02,01.08
yAmi,,163,3524,155,01.06,01.08
Zanto,,151,3354,-14,0.99,01.08
zont1x,,185,4040,142,01.06,01.08
2high,,165,3619,12,01.01,01.07
910,,192,4232,358,1.14,01.07
AccuracyTG,,101,2148,100,01.07,01.07
aliStair,,114,2431,218,1.15,01.07
ammar,,166,3623,122,01.05,01.07
Ax1Le,,179,4037,21,01.01,01.07
Blytz,,276,6015,178,01.04,01.07
clax,,378,8459,301,01.05,01.07
desh,,170,3622,415,1.19,01.07
device,,170,3718,388,1.17,01.07
drac,,232,5186,10,1.00,01.07
F1KU,,214,4720,69,01.02,01.07
FenomeN,,420,9194,945,1.18,01.07
Fessor,,117,2561,25,01.01,01.07
Griller,,131,2899,21,01.01,01.07
h1ghnesS,,121,2614,39,01.02,01.07
hades,,220,4777,464,1.16,01.07
HUASOPEEK,,158,3350,51,01.02,01.07
ivz,,172,3650,167,01.07,01.07
j3kie,,318,7074,102,01.02,01.07
jabbi,,180,3944,118,01.04,01.07
jottAAA,,188,4169,84,01.03,01.07
KaiR0N-,,149,3154,147,01.07,01.07
kAlash,,230,4992,77,01.02,01.07
Krabeni,,355,7723,244,01.05,01.07
ksloks,,180,3870,174,01.07,01.07
leakz,,177,3934,-30,0.99,01.07
Lucky,,214,4814,134,01.04,01.07
mantuu,,333,7391,780,1.18,01.07
Misfit,,163,3513,300,1.15,01.07
myltsi,,233,5019,147,01.04,01.07
Neityu,,266,5760,157,01.04,01.07
nexa,,190,4179,214,01.08,01.07
refrezh,,155,3400,134,01.06,01.07
relaxxie,,123,2750,-37,0.98,01.07
s1n,,203,4239,149,01.06,01.07
Sandman,,177,3764,-8,1.00,01.07
sausol,,348,7665,397,01.08,01.07
SHOCK,,329,7197,118,01.03,01.07
sirah,,294,6427,267,01.06,01.07
timo,,100,2179,-8,0.99,01.07
tom1jed,,165,3563,-48,0.98,01.07
torzsi,,198,4384,613,1.24,01.07
TRAVIS,,267,5812,82,01.02,01.07
Westmelon,,175,3695,-40,0.98,01.07
WolfY,,185,4016,268,1.11,01.07
yuramyata,,191,4164,429,1.17,01.07
zorte,,172,3880,420,1.18,01.07
Zyphon,,381,8217,37,01.01,01.07
0SAMAS,,105,2315,121,01.08,01.06
ANa,,111,2183,176,1.13,01.06
Beccie,,283,6138,-126,0.97,01.06
broky,,163,3610,326,1.15,01.06
chop,,234,5110,116,01.03,01.06
diozera,,121,2529,24,01.01,01.06
Djon8,,191,4164,15,1.00,01.06
dycha,,178,3844,-32,0.99,01.06
dziugss,,358,7799,93,01.02,01.06
EmiliaQAQ,,175,3695,7,1.00,01.06
Ex3rcice,,214,4814,84,01.03,01.06
fineshine52,,315,6981,453,1.10,01.06
Flierax,,242,5217,536,1.18,01.06
freshie,,243,5111,55,01.02,01.06
h1te,,130,2904,348,1.20,01.06
hAdji,,185,4042,117,01.04,01.06
happ,,108,2331,145,1.10,01.06
kensizor,,230,5083,43,01.01,01.06
KIRO,,340,7359,376,01.08,01.06
kL1o,,241,5198,23,01.01,01.06
kmrn,,102,2241,-33,0.98,01.06
kRaSnaL,,120,2620,32,01.02,01.06
kroK,,189,4143,-116,0.96,01.06
lampada,,172,3643,12,01.01,01.06
laxiee,,147,3142,34,01.02,01.06
mello,,176,3845,411,1.17,01.06
mlhzin,,121,2506,48,01.03,01.06
Mokuj1n,,268,5853,70,01.02,01.06
naitte,,223,4835,85,01.03,01.06
nawwk,,185,4047,508,1.22,01.06
NEOFRAG,,150,3185,76,01.03,01.06
nicx,,139,3136,-2,1.00,01.06
nota,,322,7007,167,01.04,01.06
ogwizard,,146,3100,236,1.12,01.06
ponter,,191,4140,82,01.03,01.06
Qlocuu,,133,2914,-10,1.00,01.06
righi,,143,3078,54,01.03,01.06
Sapec,,189,4195,-21,0.99,01.06
Sdaim,,348,7722,-22,1.00,01.06
sliimey,,114,2382,96,01.06,01.06
Smash,,318,7074,-10,1.00,01.06
stavn,,180,3944,118,01.04,01.06
teme,,169,3674,15,01.01,01.06
twist,,299,6443,-19,1.00,01.06
Vexite,,137,2867,-56,0.97,01.06
VLDN,,287,6367,95,01.02,01.06
woxic,,182,4112,440,1.18,01.06
xfl0ud,,156,3385,-52,0.98,01.06
adamS,,168,3756,149,01.06,01.05
alex666,,227,4996,21,01.01,01.05
arT,,217,4605,-103,0.97,01.05
AW,,273,5937,183,01.05,01.05
BledarD,,168,3695,254,1.11,01.05
bluewh1te,,305,6721,-157,0.97,01.05
Buzz,,206,4553,21,01.01,01.05
Calyx,,126,2749,151,01.09,01.05
chayJESUS,,117,2524,38,01.02,01.05
cmtry,,345,7521,367,01.08,01.05
cronuss,,109,2432,-35,0.98,01.05
def1zer,,105,2234,-50,0.97,01.05
destiny,,239,5038,56,01.02,01.05
Dytor,,406,8813,115,01.02,01.05
FL1T,,151,3324,149,01.07,01.05
forkyz,,118,2513,-82,0.95,01.05
fr3nd,,217,4673,430,1.15,01.05
JACKZ,,250,5614,35,01.01,01.05
jchancE,,169,3621,153,01.06,01.05
kaze,,175,3589,158,01.07,01.05
Krad,,143,3107,-108,0.95,01.05
Mercury,,155,3374,92,01.04,01.05
Minus,,133,2865,-99,0.95,01.05
misha,,108,2295,-40,0.98,01.05
misutaaa,,166,3712,-87,0.97,01.05
MITHPUTTINI,,140,3034,273,1.15,01.05
mzinho,,192,4232,-67,0.98,01.05
neaLaN,,101,2152,-36,0.98,01.05
Nodios,,242,5405,20,01.01,01.05
NOPEEJ,,141,3035,11,01.01,01.05
notineki,,409,8960,322,01.06,01.05
Patsi,,369,8215,-190,0.97,01.05
Pepo,,235,5113,309,1.10,01.05
PerX,,117,2591,42,01.03,01.05
poiii,,266,5991,-70,0.98,01.05
pr1metapz,,235,5136,-12,1.00,01.05
rain,,178,3925,-48,0.98,01.05
reck,,118,2519,-4,1.00,01.05
ROUX,,197,4249,-64,0.98,01.05
Ryujin,,114,2528,-8,1.00,01.05
salazar,,107,2396,117,01.08,01.05
SaMey,,156,3446,235,1.11,01.05
Sobol,,130,2830,-77,0.96,01.05
SpavaQu,,125,2670,159,01.09,01.05
Staehr,,180,3944,34,01.01,01.05
story,,153,3358,170,01.08,01.05
susp,,141,2959,-62,0.97,01.05
synyx,,178,3972,79,01.03,01.05
syph0,,268,5853,65,01.02,01.05
TMKj,,133,2896,-56,0.97,01.05
Valiance,,110,2328,9,01.01,01.05
alex,,266,5830,-77,0.98,01.04
apocdud,,113,2377,-111,0.93,01.04
atarax1a,,139,2984,92,01.05,01.04
bLitz,,192,4232,17,01.01,01.04
bobeksde,,406,8947,-211,0.97,01.04
brutmonster,,395,8751,348,01.06,01.04
bsd,,119,2586,175,1.11,01.04
Cryptic,,246,5099,-205,0.94,01.04
d4rty,,165,3459,-121,0.95,01.04
danoco,,189,4061,-107,0.96,01.04
dav1deuS,,184,3939,-46,0.98,01.04
Demho,,249,5403,-126,0.96,01.04
fame,,151,3324,-52,0.98,01.04
history,,117,2523,209,1.14,01.04
hyped,,261,5620,432,1.12,01.04
jks,,116,2424,68,01.04,01.04
juanflatroo,,154,3473,-41,0.98,01.04
khaN,,243,5358,405,1.12,01.04
kr1vda,,241,5198,-12,1.00,01.04
kraghen,,428,9499,-205,0.97,01.04
M1key,,338,7226,-18,1.00,01.04
mason,,179,3864,-101,0.96,01.04
motm,,221,4859,23,01.01,01.04
naz,,169,3578,-114,0.95,01.04
noway,,220,4856,49,01.02,01.04
oskar,,147,3253,273,1.13,01.04
OWNER,,115,2457,56,01.03,01.04
Pipw,,146,3259,-124,0.94,01.04
podi,,260,5621,550,1.17,01.04
prt,,177,3860,-52,0.98,01.04
sowalio,,178,3864,-46,0.98,01.04
Stx,,123,2482,-55,0.97,01.04
t3ns1on,,317,7055,549,1.13,01.04
TruNiQ,,165,3613,21,01.01,01.04
Vacancy,,151,3317,-160,0.93,01.04
VINI,,220,4856,-171,0.95,01.04
virtuoso,,105,2309,4,1.00,01.04
xns,,140,3034,-11,0.99,01.04
Aaron,,103,2254,-33,0.98,01.03
Ag1l,,179,3931,-18,0.99,01.03
arias,,129,2800,-153,0.93,01.03
ariucle,,195,4198,-142,0.95,01.03
Brooxsy,,221,4933,-128,0.96,01.03
C4LLM3SU3,,130,2750,5,1.00,01.03
Chr1zN,,264,5833,-162,0.96,01.03
damyo,,113,2377,-32,0.98,01.03
degster,,145,3224,300,1.15,01.03
delle,,172,3823,-60,0.98,01.03
DEPRESHN,,130,2873,138,01.08,01.03
drop,,235,5083,-89,0.97,01.03
dwushka,,119,2569,-31,0.98,01.03
f1redup,,105,2160,109,01.08,01.03
FL4MUS,,166,3665,-135,0.95,01.03
FraGuTy,,130,2852,-138,0.93,01.03
Gabe,,144,3127,-186,0.92,01.03
Girafffe,,117,2611,-6,1.00,01.03
hampus,,237,5218,-123,0.97,01.03
kabal,,106,2219,-14,0.99,01.03
KAISER,,168,3546,101,01.05,01.03
kauez,,209,4568,-34,0.99,01.03
Kristou,,370,8097,136,01.03,01.03
Lekr0,,116,2529,-14,0.99,01.03
magixx,,147,3189,18,01.01,01.03
Malkiss,,241,5198,440,1.14,01.03
Marix,,318,7074,-11,1.00,01.03
nbqq,,407,8878,81,01.01,01.03
Pechyn,,106,2302,-43,0.97,01.03
Qikert,,251,5415,-25,0.99,01.03
ragga,,293,6502,-219,0.95,01.03
rzk,,110,2394,-82,0.95,01.03
S1ren,,228,5098,27,01.01,01.03
S3NSEY,,189,4241,194,01.07,01.03
slump,,107,2353,-8,1.00,01.03
spinnie,,137,2947,-101,0.95,01.03
sSen,,135,2911,-55,0.97,01.03
Surreal,,117,2576,10,01.01,01.03
szejn,,231,4949,-31,0.99,01.03
tabseN,,233,4990,-294,0.91,01.03
Tauson,,201,4361,-21,0.99,01.03
tele D,,133,2914,-175,0.92,01.03
vinaabEAST,,159,3413,20,01.01,01.03
volt,,116,2622,-100,0.94,01.03
ZEDKO,,251,5559,-104,0.97,01.03
acoR,,107,2368,91,01.06,01.02
ANSG1,,143,3167,-30,0.99,01.02
arrozdoce,,196,4238,-47,0.98,01.02
AZUWU,,210,4557,-101,0.97,01.02
b0denmaster,,135,2887,123,01.07,01.02
b4rtiN,,132,2895,-3,1.00,01.02
bondik,,301,6689,117,01.03,01.02
Cabbi,,403,8766,-101,0.98,01.02
CacaNito,,145,3145,20,01.01,01.02
cej0t,,238,5234,-200,0.95,01.02
Ciocardau,,100,2228,-45,0.97,01.02
cJ dA K1nG,,103,2100,13,01.01,01.02
djay,,129,2768,-95,0.95,01.02
Evan,,102,2046,-17,0.99,01.02
fREQ,,147,3009,52,01.03,01.02
H4SAN4TOR,,250,5399,-220,0.94,01.02
HEAP,,219,4905,-80,0.98,01.02
INS,,137,2867,-185,0.91,01.02
jackasmo,,350,7703,-33,0.99,01.02
Jackinho,,216,4583,137,01.05,01.02
jared,,104,2218,-135,0.92,01.02
jocab,,108,2384,1,1.00,01.02
JW,,253,5636,29,01.01,01.02
kiR,,186,4060,-179,0.94,01.02
m1QUSE,,213,4635,-175,0.94,01.02
marat2k,,241,5198,-118,0.97,01.02
matios,,169,3579,-45,0.98,01.02
n1ssim,,163,3409,27,01.01,01.02
n1Xen,,281,6230,-42,0.99,01.02
NEUZ,,141,3051,-67,0.97,01.02
Norwi,,384,8597,-375,0.94,01.02
paz,,286,6297,-19,1.00,01.02
shalfey,,212,4511,148,01.05,01.02
shz,,106,2229,-18,0.99,01.02
simke,,323,7185,-282,0.94,01.02
Skodo,,100,2176,-2,1.00,01.02
skullz,,117,2514,-39,0.98,01.02
SLIGHT,,252,5331,427,1.13,01.02
Techno,,192,4232,-189,0.93,01.02
twenty3,,113,2228,-9,0.99,01.02
ultimate,,156,3320,96,01.04,01.02
YEKINDAR,,138,2879,-96,0.95,01.02
zmb,,158,3523,-34,0.99,01.02
1NVISIBLEE,,153,3394,-274,0.89,01.01
brett,,188,4065,-241,0.92,01.01
CeRq,,268,5892,363,1.10,01.01
delboNi,,163,3428,-15,0.99,01.01
drg,,194,4065,-117,0.96,01.01
felps,,139,3047,-30,0.99,01.01
fnl,,124,2793,-26,0.99,01.01
FpSSS,,138,3107,54,01.03,01.01
gafolo,,243,5156,-45,0.99,01.01
huNter-,,158,3459,40,01.02,01.01
jkaem,,217,4771,-55,0.98,01.01
jsfeltner,,101,2121,-213,0.87,01.01
kelieN,,157,3413,-104,0.96,01.01
Kind0,,283,6245,225,01.06,01.01
KusMe,,131,2912,-166,0.92,01.01
L00m1,,225,4893,167,01.06,01.01
Liazz,,113,2361,-76,0.95,01.01
lov1kus,,358,7822,116,01.02,01.01
Maden,,107,2390,-75,0.96,01.01
manguss,,103,2242,-64,0.96,01.01
maQuein,,103,2207,235,1.18,01.01
MoriiSko,,305,6710,-241,0.95,01.01
nosraC,,203,4221,-165,0.94,01.01
onic,,259,5616,-416,0.89,01.01
Pumpkin66,,118,2502,-5,1.00,01.01
Ro1f,,283,6193,-160,0.96,01.01
sh1nejezzz,,122,2651,-70,0.96,01.01
sinnopsyy,,172,3850,-208,0.92,01.01
sl3nd,,158,3487,98,01.05,01.01
sm3t,,115,2472,3,1.00,01.01
sstiNiX,,247,5438,-16,1.00,01.01
Summer,,184,3785,-97,0.96,01.01
Tuurtle,,163,3442,-179,0.93,01.01
Viggo,,129,2786,-243,0.89,01.01
WOOD7,,223,4835,201,01.07,01.01
zock,,232,4897,-19,0.99,01.01
Altekz,,118,2559,-96,0.94,1.00
ArroW,,100,2197,-151,0.90,1.00
beastik,,329,7197,-436,0.91,1.00
Bibu,,120,2646,-22,0.99,1.00
bodyy,,151,3337,-214,0.91,1.00
Burmylov,,100,2133,92,01.07,1.00
c0llins,,281,6204,-222,0.95,1.00
CAJUN,,101,2172,-195,0.88,1.00
chelleos,,114,2382,83,01.06,1.00
dare,,177,3634,-148,0.94,1.00
easy,,165,3567,149,01.07,1.00
esenthial,,227,4996,-89,0.97,1.00
exit,,158,3390,3,1.00,1.00
Extinct,,166,3641,-234,0.91,1.00
faydett,,222,4904,-264,0.92,1.00
flow,,99,2122,61,01.04,1.00
hodix,,121,2605,18,01.01,1.00
Keoz,,240,5264,-294,0.92,1.00
KRIMZ,,249,5376,-172,0.95,1.00
kyuubii,,181,3873,-237,0.91,1.00
leo_drk,,119,2610,-68,0.96,1.00
Leomonster,,135,3011,-69,0.97,1.00
lukiz,,130,2869,-47,0.98,1.00
meyern,,132,2857,-70,0.96,1.00
MoDo,,119,2605,108,01.07,1.00
nicks,,115,2476,-69,0.96,1.00
PlesseN,,215,4562,-195,0.94,1.00
riskyb0b,,243,5358,-306,0.92,1.00
s-chilla,,147,3244,-190,0.91,1.00
Seb,,119,2463,-120,0.93,1.00
snow,,189,4079,-66,0.97,1.00
stadodo,,255,5724,144,01.04,1.00
suma,,177,3898,-197,0.93,1.00
TjP,,114,2382,-104,0.94,1.00
valde,,179,3965,-198,0.92,1.00
xureba,,119,2690,-42,0.98,1.00
yxngstxr,,180,3877,-78,0.97,1.00
arTisT,,163,3581,-25,0.99,0.99
biguzera,,185,3997,-279,0.90,0.99
BK1,,172,3650,-280,0.89,0.99
Brollan,,198,4384,-338,0.89,0.99
Cxzi,,122,2695,-163,0.92,0.99
CYPHER,,220,4808,-331,0.90,0.99
DSSj,,160,3550,31,01.01,0.99
Efire,,187,4018,-65,0.98,0.99
electroNic,,151,3324,-225,0.90,0.99
fozil,,210,4578,-149,0.95,0.99
Gizmy,,345,7519,-450,0.91,0.99
Graviti,,214,4814,-289,0.91,0.99
hfah,,172,3769,-163,0.94,0.99
iDISBALANCE,,153,3301,176,01.09,0.99
j0w,,146,3161,-252,0.89,0.99
n1cks,,114,2387,55,01.04,0.99
NAF,,156,3320,-65,0.97,0.99
neiter,,119,2559,-84,0.95,0.99
Prism,,281,6125,-483,0.89,0.99
raalz,,438,9674,-684,0.90,0.99
rigoN,,150,3269,-148,0.94,0.99
roy,,102,2173,-170,0.89,0.99
saffee,,158,3390,91,01.04,0.99
SELLTER,,353,7830,-452,0.91,0.99
Svedjehed,,99,2183,-141,0.90,0.99
Tapewaare,,344,7466,-436,0.92,0.99
anttzz,,155,3383,-220,0.91,0.98
Bhavi,,106,2187,-212,0.87,0.98
BRACE,,110,2362,-217,0.87,0.98
chelo,,162,3519,-253,0.89,0.98
clipzera,,128,2752,-247,0.88,0.98
dav1g,,318,7087,-413,0.92,0.98
dex,,252,5642,-367,0.91,0.98
FreeZe,,146,3183,-260,0.89,0.98
Get_Jeka,,160,3550,-160,0.93,0.98
Grave,,115,2436,-130,0.93,0.98
JT,,127,2843,-197,0.90,0.98
KENSI,,334,7482,-313,0.94,0.98
kwezz,,169,3707,-265,0.89,0.98
kyxsan,,210,4650,-381,0.87,0.98
MagiC,,129,2599,-174,0.91,0.98
Maze,,130,2844,-91,0.95,0.98
MisteM,,109,2408,-241,0.86,0.98
PR1mE,,158,3535,-63,0.97,0.98
Queenix,,191,4292,-260,0.91,0.98
robo,,268,5853,-249,0.94,0.98
roeJ,,152,3387,-167,0.93,0.98
tomiko,,196,4377,-123,0.96,0.98
tucks,,105,2332,-135,0.91,0.98
woozzzi,,120,2567,35,01.02,0.98
zeRRoFIX,,191,4216,-61,0.98,0.98
ADRON,,123,2639,-232,0.87,0.97
cbass,,169,3621,-354,0.86,0.97
dezt,,128,2702,-145,0.92,0.97
isak,,186,4060,-207,0.92,0.97
kreaz,,186,4109,-138,0.95,0.97
Lack1,,243,5392,-452,0.88,0.97
leen,,245,5409,-337,0.91,0.97
LNZ,,180,3877,-312,0.88,0.97
Lucaozy,,182,3913,-86,0.97,0.97
maaryy,,327,7244,-384,0.92,0.97
MAGILA,,122,2645,-163,0.92,0.97
Magisk,,153,3433,-116,0.95,0.97
majky,,150,3239,-255,0.89,0.97
TABEN,,129,2599,-14,0.99,0.97
Topa,,228,5015,-321,0.91,0.97
tsukumeow,,102,2067,-135,0.91,0.97
VILBy,,193,4209,-312,0.89,0.97
zodi,,113,2382,-225,0.86,0.97
Boombl4,,217,4876,-483,0.86,0.96
CoolComs,,101,2172,-177,0.89,0.96
FalleN,,179,3841,-140,0.94,0.96
fear,,336,7289,-493,0.90,0.96
Gn√∏ffe,,187,4191,-394,0.86,0.96
MUTiRiS,,153,3358,-193,0.91,0.96
revoltz,,145,3140,-294,0.87,0.96
Serendipity,,100,2042,-188,0.87,0.96
slashzz,,102,2173,-174,0.88,0.96
X5G7V,,138,3085,-236,0.89,0.96
apEX,,179,3844,-293,0.88,0.95
Attacker,,145,3183,-203,0.91,0.95
Bart4k,,170,3639,-189,0.92,0.95
gla1ve,,204,4458,-401,0.86,0.95
Kat,,113,2228,-154,0.90,0.95
max,,158,3350,-317,0.86,0.95
MiGHTYMAX,,122,2675,-323,0.83,0.95
niko,,164,3585,-290,0.88,0.95
reversive,,143,3078,-360,0.83,0.95
Schwarz,,169,3674,-350,0.87,0.95
snapy,,178,3838,-483,0.84,0.95
TMB,,344,7521,-920,0.83,0.95
upE,,301,6484,-530,0.88,0.95
zogeN,,155,3391,-203,0.91,0.95
ztr,,201,4406,-401,0.87,0.95
1eeR,,243,5358,-520,0.86,0.94
aVN,,395,8751,-649,0.89,0.94
Djoko,,167,3786,-343,0.88,0.94
fakerealityy,,109,2319,-270,0.84,0.94
K1-FiDa,,182,3864,-464,0.82,0.94
levantino,,149,3289,-375,0.85,0.94
Levi,,106,2302,-223,0.87,0.94
NEKIZ,,106,2293,-219,0.87,0.94
rafaxF,,166,3611,-87,0.96,0.94
tory,,108,2133,-177,0.89,0.94
Vster,,158,3535,-489,0.81,0.94
Aleksib,,164,3555,-424,0.81,0.93
ben1337,,179,3765,-490,0.82,0.93
innocent,,163,3653,-338,0.87,0.93
kinqie,,340,7359,-911,0.83,0.93
mds,,113,2454,-337,0.82,0.93
Nami,,112,2445,-241,0.86,0.93
ninjaZ,,149,3216,-329,0.85,0.93
Noktse,,206,4512,-406,0.86,0.93
nython,,236,4979,-183,0.94,0.93
raven,,111,2239,-178,0.88,0.93
Snappi,,210,4593,-411,0.87,0.93
stanislaw,,167,3517,-422,0.82,0.93
CutzMeretz,,193,4115,-467,0.84,0.92
duggy,,100,2113,-141,0.90,0.92
emi,,161,3575,-465,0.81,0.92
laser,,143,3078,-303,0.86,0.92
Lich,,108,2352,-266,0.84,0.92
obi,,100,2202,-304,0.81,0.92
sFade8,,230,4992,-582,0.84,0.92
SHiNE,,189,4160,-493,0.82,0.92
SoLb,,185,4043,-536,0.82,0.92
The eLiVe,,243,5251,-619,0.83,0.92
birdfromsky,,103,2224,-327,0.79,0.91
chopper,,185,4040,-470,0.83,0.91
jackast,,121,2605,-303,0.83,0.91
millert,,169,3674,-294,0.88,0.91
PKL,,108,2436,-268,0.84,0.91
siuhy,,119,2609,-393,0.79,0.91
takanashi,,111,2419,-333,0.81,0.91
Vert,,155,3464,-338,0.86,0.91
AcilioN,,129,2851,-378,0.81,0.90
devoduvek,,232,5186,-713,0.80,0.90
IceBerg,,330,7185,-1251,0.77,0.90
MAJ3R,,182,4112,-486,0.82,0.90
Patti,,149,3225,-485,0.79,0.90
RICIOLI,,112,2422,-339,0.80,0.90
SPELLAN,,233,5118,-662,0.81,0.90
1962,,105,2225,-343,0.78,0.89
gejmzilla,,166,3623,-565,0.78,0.89
mASKED,,328,7234,-1154,0.78,0.89
Snax,,147,3202,-459,0.78,0.89
karrigan,,185,4083,-657,0.77,0.88
ScrunK,,256,5670,-958,0.77,0.88
BTN,,314,6951,-1141,0.77,0.85
cadiaN,,114,2530,-358,0.79,0.85
stax,,109,2383,-462,0.74,0.85
Linko,,99,2121,-434,0.72,0.84
darchevile,,100,2160,-519,0.69,0.79